Identificador,Plantel
136894170,238-ESCUELA DE ARTES ESCENICAS
20191677,401-INSTITUTO DE CIENCIAS AGROPECUARIAS Y RURALES
24770576,402-INSTITUTO DE ESTUDIOS SOBRE LA UNIVERSIDAD
176713266,403-CENTRO DE ESTUDIOS E INVESTIGACION EN DESARROLL...
187035640,404-CENTRO DE INVESTIGACION MULTIDISCIPLINARIA EN E...
198265936,405-INSTITUTO INTERAMERICANO DE TECNOLOGIA Y CIENCI...
185637720,407-BIBLIOTECA CENTRAL (DIRECCION DE TECNOLOGIAS DE...
192737511,501-COORDINACION GENERAL DE ESTUDIOS SUPERIORES
3790,000-UNIVERSIDAD AUTONOMA DEL ESTADO DE MEXICO
3912,201-FACULTAD DE ODONTOLOGIA
3913,202-FACULTAD DE MEDICINA
3914,203-FACULTAD DE ENFERMERIA Y OBSTETRICIA
3915,204-FACULTAD DE QUIMICA
3916,205-FACULTAD DE INGENIERIA
3917,206-FACULTAD DE ARQUITECTURA Y DISEÑO
3918,207-FACULTAD DE DERECHO
3919,208-FACULTAD DE CONTADURIA Y ADMINISTRACION
3920,209-FACULTAD DE HUMANIDADES
3921,210-FACULTAD DE CIENCIAS POLITICAS Y SOCIALES
3922,211-FACULTAD DE ECONOMIA
3923,212-FACULTAD DE GEOGRAFIA
3924,213-FACULTAD DE CIENCIAS AGRICOLAS
3925,214-FACULTAD DE MEDICINA VETERINARIA Y ZOOTECNIA
3926,215-FACULTAD DE CIENCIAS DE LA CONDUCTA
3927,216-FACULTAD DE TURISMO Y GASTRONOMIA
3928,217-FACULTAD DE ANTROPOLOGIA
3929,218-FACULTAD DE PLANEACION URBANA Y REGIONAL
3932,221-FACULTAD DE CIENCIAS
3934,223-FACULTAD DE LENGUAS
3937,226-FACULTAD DE ARTES
182311497,997-FACULTAD DE CONTADURIA LOS URIBE
3944,"301-PLANTEL ""LIC. ADOLFO LOPEZ MATEOS"" DE LA ESCUEL..."
3945,"302-PLANTEL ""NEZAHUALCOYOTL"" DE LA ESCUELA PREPARAT..."
3946,"303-PLANTEL ""CUAUHTEMOC"" DE LA ESCUELA PREPARATORIA"
3947,"304-PLANTEL ""IGNACIO RAMIREZ CALZADA"" DE LA ESCUELA..."
3948,"305-PLANTEL ""DR. ANGEL MA. GARIBAY KINTANA"" DE LA E..."
3949,"306-PLANTEL ""DR. PABLO GONZALEZ CASANOVA"" DE LA ESC..."
3950,"307-PLANTEL ""SOR JUANA INES DE LA CRUZ"" DE LA ESCUE..."
3951,308-PLANTEL TEXCOCO DE LA ESCUELA PREPARATORIA
31430867,"309-PLANTEL ""ISIDRO FABELA ALFARO"" DE LA ESCUELA PR..."
181162294,"310-PLANTEL ""MTRO. JOSE IGNACIO PICHARDO PAGAZA"" DE..."
280102578,311-PLANTEL TECAMAC  DE LA ESCUELA PREPARATORIA
3930,219-CENTRO UNIVERSITARIO UAEM ATLACOMULCO
3931,220-CENTRO UNIVERSITARIO UAEM AMECAMECA
3933,222-CENTRO UNIVERSITARIO UAEM ZUMPANGO
3935,224-CENTRO UNIVERSITARIO UAEM TEXCOCO
3936,225-CENTRO UNIVERSITARIO UAEM VALLE DE MEXICO
3938,227-CENTRO UNIVERSITARIO UAEM ECATEPEC
3939,228-CENTRO UNIVERSITARIO UAEM VALLE DE CHALCO
3940,229-CENTRO UNIVERSITARIO UAEM TEMASCALTEPEC
3941,230-CENTRO UNIVERSITARIO UAEM VALLE DE TEOTIHUACAN
3942,231-CENTRO UNIVERSITARIO UAEM TENANCINGO
3943,232-CENTRO UNIVERSITARIO UAEM NEZAHUALCOYOTL
10063287,233-UNIDAD ACADEMICA PROFESIONAL TIANGUISTENCO
23203002,234-UNIDAD ACADEMICA PROFESIONAL CHIMALHUACAN
23203003,235-UNIDAD ACADEMICA PROFESIONAL CUAUTITLAN IZCALLI
23203004,236-UNIDAD ACADEMICA PROFESIONAL HUEHUETOCA
107353219,237-UNIDAD ACADEMICA PROFESIONAL ACOLMAN
174146744,239-UNIDAD ACADEMICA PROFESIONAL TEJUPILCO
221417487,240-UNIDAD ACADEMICA PROFESIONAL TLALNEPANTLA
280102576,241-UNIDAD ACADEMICA PROFESIONAL IXTAPAN DE LA SAL
155851767,O91-UNIVERSIDAD DE IXTLAHUACA CUI. A.C.
177246778,009-UNIVERSIDAD ANAHUAC
3791,"013-PREPARATORIA REGIONAL DE IXTAPALUCA ""GABINO BAR..."
3792,"014-PREPARATORIA REGIONAL DE IXTLAHUACA ""QUIM. JOSE..."
3793,015-CENTRO MEXICANO UNIVERSITARIO DEL ESTADO DE MEX...
3794,016-PREPARATORIA REGIONAL DE TLALNEPANTLA
3795,017-INSTITUTO TECNICO. ADMINISTRATIVO Y HUMANISTICO...
3796,"018-PREPARATORIA ""COLEGIO DE LA COMUNIDAD DE CIUDAD..."
3797,"019-PREPARATORIA REGIONAL DE TEMASCALTEPEC ""COLEGIO..."
3798,020-PREPARATORIA REGIONAL DE TENANGO DEL VALLE
3799,"021-PREPARATORIA REGIONAL DE IXTAPAN DE LA SAL ""PRE..."
3800,022-UNIVERSIDAD ISIDRO FABELA DE TOLUCA. S.C.
3801,"023-PREPARATORIA REGIONAL DE CAPULHUAC ""JOSUE MIRLO"""
3802,024-PREPARATORIA REGIONAL DE ATLACOMULCO
3803,026-INSTITUTO COLON
3804,027-CENTRO ESCOLAR ANAHUAC. S.C.
3805,029-CENTRO UNIVERSITARIO HISPANOAMERICANO
3806,"030-ESCUELA DE ENFERMERIA DEL ""COLEGIO DE LA COMUNI..."
3807,031-PREPARATORIA REGIONAL DE VALLE DE BRAVO
3808,"032-PREPARATORIA ""IGNACIO MANUEL ALTAMIRANO"""
3809,"033-PREPARATORIA ""INSTITUTO CULTURAL MORELOS"""
3810,034-INSTITUTO CULTURAL NICOLAS GUILLEN
3811,035-INSTITUTO ETAC DE ESTUDIOS SUPERIORES. A.C.
3812,036-INSTITUTO SALAMANCA. A.C.
3813,"037-INSTITUTO ""ETAC"" DE ESTUDIOS SUPERIORES A.C."
3814,038-PREPARATORIA SATELITE. A.C.
3815,039-CENTRO UNIVERSITARIO IBEROMEXICANO
3816,041-INSTITUTO DE CIENCIAS DE JILOTEPEC
3817,"042-INSTITUTO DE CIENCIAS Y ARTES ""LIC. ADOLFO LOPE..."
3818,043-CENTRO UNIVERSITARIO DE EDUCACION MEDIA SUPERIO...
3819,"044-PREPARATORIA ""DR. JORGE JIMENEZ CANTU"""
3820,"045-PREPARATORIA ""ESTADO DE MEXICO"""
3821,046-PREPARATORIA MEXICO
3822,047-PREPARATORIA REGIONAL DE COACALCO
3823,048-PREPARATORIA JOSE RAMON ALBARRAN PLIEGO
3824,049-PREPARATORIA REGIONAL DE CHIPILTEPEC
3825,050-ATENEO DR. GUSTAVO BAZ PRADA
3826,051-PREPARATORIA REGIONAL DE TEOTIHUACAN
3827,"052-PREPARATORIA REGIONAL DE AMATEPEC ""GRAL. LAZARO..."
3828,053-PREPARATORIA REGIONAL DE ZUMPANGO
3829,"054-PREPARATORIA REGIONAL DE NEXTLALPAN ""LIC. JUAN ..."
3830,"055-PREPARATORIA REGIONAL DE VILLA CUAUHTEMOC ""HORA..."
3831,056-PREPARATORIA REGIONAL DE SANTO DOMINGO AZTACAMECA
3832,057-INSTITUTO UNIVERSITARIO TLALNEPANTLA. A.C.
3833,"058-INSTITUTO CULTURAL ""LIC. JUSTO SIERRA"""
3834,059-PREPARATORIA REGIONAL DE OTUMBA
3835,"060-""CENTRO DE BACHILLERATO JOSE VASCONCELOS. S.C."""
3836,"061-PREPARATORIA ""JOSE ANTONIO ALZATE"". A.C."
3837,"062-INSTITUTO CULTURAL ""PAIDEIA"""
3838,063-ESCUELA PREPARATORIA REGIONAL DE APAXCO. A. C.
3839,064-CENTRO UNIVERSITARIO NICOLAS ROMERO. S.C.
3840,"065-INSTITUTO CULTURAL ""EL ATENEO OCOYOACAC"""
3841,066-INSTITUTO CULTURAL PROTACIO GOMEZ
3842,"068-LICEO ""JUAN RUIZ DE ALARCON"""
3843,069-PREPARATORIA DE LA UNIVERSIDAD DEL VALLE DE MEXICO
3844,070-PREPARATORIA REGIONAL DE SANTIAGO TILAPA
3845,071-PREPARATORIA REGIONAL DE SAN FELIPE DEL PROGRES...
3846,"072-PREPARATORIA REGIONAL DE ACULCO ""VENUSTIANO CAR..."
3847,073-PREPARATORIA REGIONAL DE ECATEPEC
3848,"074-PREPARATORIA COLEGIO ""ARGOS"""
3849,075-PREPARATORIA REGIONAL DE TEJUPILCO
3850,076-PREPARATORIA REGIONAL DE VILLA VICTORIA
3851,077-PREPARATORIA REGIONAL DE ACAMBAY
3852,078-PREPARATORIA REGIONAL DE HUIXQUILUCAN
3853,079-PREPARATORIA REGIONAL DE VILLA DEL CARBON
3854,080-PREPARATORIA REGIONAL DE SANTIAGO TIANGUISTENCO
3855,082-INSTITUTO ETAC LOMAS LINDAS. A.C.
3856,083-COLEGIO SPRINGFIELD CAMPUS TOLUCA. S.C.
3857,084-INSTITUTO CENCA. S.C.
3858,"085-INSTITUTO DE ESTUDIOS SUPERIORES ""ISIDRO FABELA..."
3859,086-CENTRO UNIVERSITARIO SIGLO XXI. S.C.
3860,087-INSTITUTO CULTURAL PANAMERICANO DE TOLUCA S.C.
3861,"088-ATENEO ""DOCTOR GUSTAVO BAZ PRADA"""
3862,089-INSTITUTO PARA LA EDUCACION INTEGRAL DEL BACHIL...
3863,"090-""CENTRO UNIVERSITARIO DIDASKALOS"". A.C."
3864,091-ESCUELA PREPARATORIA DE LA UNIVERSIDAD DE IXTLA...
3865,092-CENTRO DE ESTUDIOS SUPERIORES UNIVERSITARIOS. S.C.
3866,093-UNIVERSIDAD HISPANOAMERICANA
3867,094-UNIVERSIDAD IUEM. S.C.
3868,095-COLEGIO COLUMBIA
3869,"096-""ESCUELA DE ENFERMERIA OKAYAMA"""
3870,097-COLEGIO ANTONIO PLANCARTE. A.C.
3871,098-CENTRO EDUCATIVO Y TECNOLOGICO TOLLOCAN. S.C.
3872,099-INSTITUTO SECUNDARIA Y EDUCACION  SUBPROFESIONA...
3873,100-INSTITUTO UNIVERSITARIO DEL TERCER MILENIO. S.C.
3874,101-UNIVERSIDAD MEXIQUENSE. S.C.
3875,102-PREPARATORIA KIOTO
3876,103-INSTITUTO TENANCINGO. A.C.
3877,104-CAMPUS UNIVERSITARIO SIGLO XXI. S.C.
3878,105-UNIVERSIDAD DEL MEXICO CONTEMPORANEO
3879,106-CENTRO UNIVERSITARIO DE TENANGO DEL VALLE. A.C.
3880,107-UNIDAD PEDAGOGICA ARISTOS. S.C.
3881,108-INSTITUTO UNIVERSITARIO FRANCO INGLES DE MEXICO...
3882,109-INSTITUTO MILENIUM. S.C.
3883,"110-CENTRO DE ESTUDIOS UNIVERSITARIOS ""HORACIO ZUÑI..."
3884,111-INSTITUTO UNIVERSITARIO DEL LAGO Y DEL SOL. S.C.
3885,113-CENTRO UNIVERSITARIO MESOAMERICANO. S.C.
3886,114-COLEGIO CEMANQUI
3887,115-INSTITUTO LATINO
3888,"116-PREPARATORIA ""JOSE ANTONIO ALZATE Y RAMIREZ"""
3889,117-PREPARATORIA CENTRO EDUCATIVO NIÑOS HEROES. A.C.
3890,118-COLEGIO DE LA COMUNIDAD DE CD. NEZAHUALCOYOTL. ...
3891,119-PREPARATORIA REGIONAL DE TENANGO DEL VALLE. A.C.
3892,120-INSTITUTO UNIVERSITARIO AURIGA. A.C.
3893,121-PREPARATORIA REGIONAL DE ZUMPANGO. A.C.
3894,122-PREPARATORIA REGIONAL DE NEXTLALPAN. A.C.
3895,123-INSTITUTO REGIONAL DE VILLA CUAUHTEMOC HORACIO ...
3896,124-CENTRO UNIVERSITARIO DE SAN FELIPE DEL PROGRESO...
3897,125-PREPARATORIA REGIONAL DE HUIXQUILUCAN. A.C.
3898,126-PREPARATORIA REGIONAL DE VILLA DEL CARBON. A.C.
3899,127-LICEO DEL VALLE DE TOLUCA. S.C.
3900,128-UNIDAD CULTURAL ISRAEL. S.C.
3901,129-PREPARATORIA REGIONAL ATLACOMULCO. A.C.
3902,130-PREPARATORIA REGIONAL TEJUPILCO. A.C.
3903,"131-CENTRO UNIVERSITARIO DE ACAMBAY. ""JUAN DEL MAZO..."
3904,"132-INSTITUTO DE ESTUDIOS SUPERIORES ""ISIDRO FABELA..."
3905,133-IUYTEM INSTITUTO UNIVERSITARIO Y TECNOLOGICO DE...
3906,134-INSTITUTO CULTURAL CUMBRES DEL SABER. S.C.
64500366,135-ESCUELA MONTESSORI. A.C.
64500367,136-INSTITUTO CULTURAL EFIHME S.C.
3907,137-CENTRO DE ESTUDIOS SUPERIORES ATENEA PALAS. S.C.
34324538,138-PLANTEL INSTITUTO UNIVERSITARIO DE ATLACOMULCO
75630513,140-INSTITUTO UNIVERSITARIO REGIONAL DE TENANGO DEL...
64500368,141-INSTITUTO CULTURAL CUSPIDE DEL SABER S.C.
3908,142-COLEGIO CULTURAL CUAUHTEMOC. S.C.
3909,143-CENTRO UNIVERSITARIO DE VALLE DE BRAVO
151378744,144-INSTITUTO DE EDUCACION MEDIA SUPERIOR KAIROS DE...
36845231,145-COLEGIO PLANCARTE. A. C.
148341037,146-CENTRO UNIVERSITARIO DE VALLE DE BRAVO. ESTADO ...
148341038,147-ARGOS PREPARATORY ACADEMY. S. C.
64500370,148-INSTITUTO EDUCATIVO ESPAÑA. S.C.
64500369,149-INSTITUTO MISIONES DE SANTA ESPERANZA. S.C.
64500371,150-CENTRO UNIVERSITARIO LICEO MEXIQUENSE. S.C
45902004,151-INSTITUTO UNIVERSITARIO CUITLAHUAC A.C.
150881331,152-CENTRO DE FORMACION EDUCATIVOS DE TEMOAYA. S.C.
104242233,153-UNIDAD PEDAGOGICA INTEGRAL ESTADO DE MÉXICO. S.C.
103623113,154-INSTITUTO BALUARTE DE METEPEC. S.C.
173572658,155-COLEGIO COUNTRY CLUB IXTAPAN. S. C.
173572659,156-UNIVERSIDAD DE LA SALUD DEL ESTADO DE MÉXICO. S.C.
208013920,157-SERVICIOS INTEGRALES EDUCATIVOS PEMO. S.C.
218172764,158-UNIVERSIDAD TECNOLÓGICA DE MÉXICO. S.C.
218172765,159-UNIVERSIDAD CENTROAMERICANA. S.C.
218172766,160-CENTRO UNIVERSITARIO PARA ADMINISTRACIÓN DE NEG...
227683788,161-COLEGIO EDUCACIÓN Y PATRIA. S.C.
238637723,162-UNIVERSIDAD DEL VALLE DE MEXICO. S.C.
238637724,163-SIRIUS CAMPUS UNIVERSITARIO S.C.
251481523,164-UNIVERSIDAD TOMINAGA NAKAMOTO S.C.
251481524,"165-""SERVICIOS EDUCATIVOS INTEGRALES"". S.C."
263956329,166-INSTITUTO DE FORMACION ARCADIO HENKEL SANCHEZ S.C.
263956331,167-BACHILLERATO CAET (TRUPER S.A DE C.V.)
263956333,168-UNIVERSIDAD MEXICANA DE INNOVACION EN NEGOCIOS ...
263956335,169-UNIVERSIDAD DE LA SALUD Y ENSEÑANZA ADMINISTRAT...
263956337,170-INSTITUTO UNIVERSITARIO DEL ESTADO DE MEXICO S.C.
266935703,171-CENTRO UNIVERSITARIO DE VILLA VICTORIA A. C.
257966521,30E-ESCUELA DE ENFERMERIA DEL COLEGIO DE LA COMUNID...
215675483,81E-ESCUELA DE ENFERMERIA DEL CENTRO UNIVERSITARIO ...
274989727,172-PREPARATORIA ESTADO DE MEXICO DE EDUCACION INTE...
211426174,1002-ESCUELA DE INGENIEROS EN SOFTWARE
211426561,700-UNIVERSIDAD DE HILDESHEIM - ALEMANIA
211426562,701-UNIVERSIDAD TÉCNICA DE MUNICH - ALEMANIA
211426563,702-UNIVERSIDAD NACIONAL DEL NORDESTE - ARGENTINA
211426564,703-UNIVERSIDAD NACIONAL DE CUYO - ARGENTINA
211426566,704-UNIVERSIDAD DE MORÓN - ARGENTINA
211426567,705-UNIVESIDAD NACIONAL ARTURO JAURETCHE - ARGENTINA
214251698,706-UNIVERSIDAD NACIONAL DEL COMAHUE - ARGENTINA
214251699,707-UNIVERSIDAD NACIONAL DEL LITORAL - ARGENTINA
214251700,708-UNIVERSIDAD NACIONAL DE LA PLATA - ARGENTINA
214251701,709-UNIVERSIDAD NACIONAL DE QUILMES - ARGENTINA
214251702,710-UNIVERSIDAD NACIONAL DE MAR DEL PLATA - ARGENTINA
214251703,711-UNIVERSIDAD NACIONAL DE SAN JUAN -  ARGENTINA
214251704,712-UNIVERSIDAD NACIONAL DE RIO CUARTO - ARGENTINA
214251705,713-UNIVERSIDAD FEDERAL DE SANTA CATARINA -BRASIL
214251706,714-INSTITUTO PROFESIONAL DUOC UC - CHILE
214251707,715-UNIVERSIDAD ALBERTO HURTADO - CHILE
214251708,716-UNIVERSIDAD AUSTRAL DE CHILE - CHILE
214251709,717-UNIVERSIDAD DE CHILE - CHILE
214251710,718-UNIVERSIDAD DE LA FRONTERA - CHILE
214251711,719-UNIVERSIDAD DE SAN SEBASTIÁN - CHILE
214251712,720-UNIVERSIDAD MAYOR - CHILE
214251713,721-UNIVERSIDAD COLEGIO MAYOR DE CUNDINAMARCA - COL...
214251714,722-UNIVERSIDAD DE ANTIOQUIA - COLOMBIA
214251715,723-UNIVERSIDAD DE CARTAGENA - COLOMBIA
214251716,724-UNIVERSIDAD DE  MANIZALES - COLOMBIA
214251717,725-UNIVERSIDAD DE MEDELLÍN - COLOMBIA
214251718,726-UNIVERSIDAD DEL TOLIMA - COLOMBIA
214251719,727-FUNDACIÓN UNIVERSITARIA DE CIENCIAS DE LA SALUD...
214251720,728-UNIVERSIDAD NACIONAL DE COLOMBIA - COLOMBIA
214251721,729-UNIVERSIDAD PONTIFICIA BOLIVARIANA - COLOMBIA
214251722,730-UNIVERSIDAD SANTO TOMAS - COLOMBIA
214251723,731-UNIVERSIDAD PEDAGOGICA Y TECNOLOGICA DE COLOMBI...
214251724,732-CORPORACIÓN UNIVERSITARIA DEL META - COLOMBIA
214251725,733-UNIVERSIDAD DE HANKUK - COREA DEL SUR
214251726,734-UNIVERSIDAD DE SEÚL - COREA DEL SUR
214251727,735-UNIVERSIDAD DE ALCALÁ - ESPAÑA
214251728,736-UNIVERSIDAD DE BARCELONA - ESPAÑA
214251729,737-UNIVERSIDAD DE CASTILLA-LA MANCHA - ESPAÑA
214251730,738-UNIVERSIDAD DE CÓRDOBA - ESPAÑA
214251731,739-UNIVERSIDAD DE DEUSTO - ESPAÑA
214251732,740-UNIVERSIDAD DE EXTREMADURA - ESPAÑA
214251733,741-UNIVERSIDAD DE GRANADA - ESPAÑA
214251734,742-UNIVERSIDAD DE HUELVA - ESPAÑA
214251735,743-UNIVERSIDAD DE JAUME I - ESPAÑA
214251736,744-UNIVERSIDAD DE LA LAGUNA - ESPAÑA
214251737,745-UNIVERSIDAD DE LA RIOJA - ESPAÑA
214251738,746-UNIVERSIDAD DE LEÓN - ESPAÑA
214251739,747-UNIVERSIDAD DE MÁLAGA - ESPAÑA
214251740,748-UNIVERSIDAD DE SANTIAGO DE COMPOSTELA - ESPAÑA
214251741,749-UNIVERSIDAD DE SEVILLA - ESPAÑA
214251742,750-UNIVERSIDAD DE VIGO - ESPAÑA
214251743,751-UNIVERSIDAD DE ZARAGOZA - ESPAÑA
214251744,752-UNIVERSIDAD EUROPEA MIGUEL DE CERVANTES - ESPAÑA
214251745,753-UNIVERSIDAD MIGUEL HERNÁNDEZ ELCHE - ESPAÑA
214251746,754-UNIVERSIDAD PABLO DE OLAVIDE - ESPAÑA
214251747,755-UNIVERSIDAD POLITÉCNICA DE CARTAGENA - ESPAÑA
214251748,756-UNIVERSIDAD POLITÉCNICA DE VALENCIA - ESPAÑA
214251749,757-UNIVERSIDAD DE CIENCIAS APLICADAS DE TAMPERE - ...
214251750,758-UNIVERSIDAD DE POITIERS - FRANCIA
214251751,759-UNIVERSITÉ LUMIÈRE LYON 2 - FRANCIA
214251752,760-UNIVERSIDAD DE BOLONIA - ITALIA
214251753,761-UNIVERSIDAD DE TURÍN - ITALIA
214251754,762-UNIVERSIDAD DE VERONA - ITALIA
214251755,763-UNIVERSIDAD ROMA TRE - ITALIA
214251756,764-UNIVERSIDAD DE SAITAMA - JAPÓN
214251757,765-PONTIFICIA UNIVERSIDAD CATOLICA DEL PERU - PERU
214251758,766-UNIVERSIDAD CATOLICA DE SANTA MARIA - PERU
214251759,767-UNIVERSIDAD CESAR VALLEJO - PERU
214251760,768-UNIVERSIDAD DE LODZ - POLONIA
214251761,769-UNIVERSIDAD DE VARSOVIA - POLONIA
214251762,770-UNIVERSIDADE DO MINHO - PORTUGAL
214251763,771-UNIVERSIDAD DE PORTO - PORTUGAL
214251764,772-UNIVERSIDAD DE HRADEC KRALOVÉ - REPUBLICA CHECA
214251765,773-UNIVERSIDAD DE MENDEL - REPUBLICA CHECA
214251766,774-UNIVERSIDAD DE OSTRAVA - REPUBLICA CHECA
214251767,775-UNIVERSIDAD DE PALACKÝ - REPUBLICA CHECA
214251768,776-UNIVERSIDAD DE TAMKANG - TAIWÁN
214251769,777-UNIVERSIDAD DE LA REPÚBLICA  - URUGUAY
214367995,778-UNIVERSIDAD DE CIENCIAS APLICADAS DE FRANKFURT ...
215777700,779-UNIVERSIDAD POLITECNICA DE MADRID - ESPAÑA
215777753,780-UNIVERSIDAD NACIONAL DEL SUR - ARGENTINA
215777754,781-UNIVERSIDAD JAUME I - ESPAÑA
225462995,782-UNIVERSIDAD INTERNACIONAL SEK - ECUADOR
225462996,783-UNIVERSIDAD CIENTIFICA DEL SUR - PERU
231013691,784-UNIVERSIDAD PILOTO DE COLOMBIA - COLOMBIA
231013693,785-UNIVERSIDAD DE LEON - ESPAÑA
231013695,786-UNIVERSIDAD NACIONAL DE ROSARIO - ARGENTINA
231046485,787-UNIVERSIDAD CESAR VALLEJO. CAMPUS LIMA ESTE - PERU
231046486,788-UNIVERSIDAD NACIONAL DE CATAMARCA - ARGENTINA
231046487,789-UNIVERSIDAD NACIONAL MAYOR DE SAN MARCOS - PERU
236828352,790-UNIVERSIDAD NACIONAL DE COSTA RICA
231051157,791-PONTIFICIA UNIVERSIDAD CATÓLICA DE ECUADOR - EC...
231051143,792-UNIVERSIDAD TECNOLÓGICA DE PEREIRA - COLOMBIA
235820516,793-CENTRO UNIVERSITARIO TIRADENTES - BRASIL
235820517,794-CORPORACIÓN UNIVERSITARIA MINUTO DE DIOS - COLO...
235820518,795-FACULTAD TIRADENTES - BRASIL
235820519,796-UNIVERSIDAD COOPERATIVA DE COLOMBIA - COLOMBIA
235820520,797-UNIVERSIDAD DE CUENCA - ECUADOR
235820521,798-UNIVERSIDAD DE SAN MARTÍN DE PORRES - PERU
235820522,799-UNIVERSIDAD TIRADENTES - BRASIL
242205626,800-UNIVERSIDAD DE BORDEAUX MONTAIGNE - FRANCIA
242205631,801-UNIVERSIDAD DE BORDEAUX MONTAIGNE - ALEMANIA
242296635,802-UNIVERSIDAD DE DEGGENDORF - ALEMANIA
243359993,803-UNIVERSIDAD DE OSNABRÜCK  - ALEMANIA
243430612,804-UNIVERSIDAD DE MURCIA - ESPAÑA
243776616,805-COMUNICACIÓN AUDIOVISUAL Y DIGITAL  - COLOMBIA
243430613,806-INSTITUTO DE ESTUDIOS POLITICOS DE TOULOUSE
243765990,807-UNIVERSIDAD DE SUCRE COLOMBIA
247261024,808-UNIVERSIDAD DE CIENCIAS APLICADAS DE OSNABRÜCK ...
247261028,809-UNIVERSIDAD DE VALENCIA - ESPAÑA
247261029,810-FUNDACIÓN UNIVERSITARIA JUAN DE CASTELLANOS - C...
247261030,811-UNIVERSIDAD NARIÑO - COLOMBIA
247261034,812-UNIVERSIDAD RICARDO PALMA - PERU
247261035,813-UNIVERSIDAD MILITAR NUEVA GRANADA - COLOMBIA
247261036,814-UNIVERSIDAD DISTRITAL FRANCISCO JOSÉ DE CALDAS ...
249865923,815-FUNDACIÓN UNIVERSITARIA DEL ÁREA ANDINA  - COLO...
249865924,816-UNIVERSIDAD PROVINCIAL DE CÓRDOBA  - ARGENTINA
249865925,817-INSTITUTO SUPERIOR DE ARTES Y DISEÑO DE TOULOUS...
249865926,818-UNIVERSIDAD DISTRITAL FRANCISCO JOSÉ DE CALDAS ...
250032890,819-UNIVERSIDAD DEL ESTADO DE MINAS GERAIS - BRASIL
250100755,820-UNIVERSIDAD DE ALICANTE - ESPAÑA
255783940,821-UNIVERSIDAD DE CIENCIAS APLICADAS Y AMBIENTALES...
255913628,822-UNIVERSIDAD NACIONAL DE SAN LUIS - ARGENTINA
256366378,823-UNIVERSIDAD SURCOLOMBIANA - COLOMBIA
256366379,824-UNIVERSIDAD FEDERAL DE UBERLANDIA - BRASIL
256366380,825-UNIVERSIDAD FEDERAL DEL ABC - BRASIL
256366381,826-UNIVERSIDAD NACIONAL DE SALTA - ARGENTINA
256436980,827-PONTIFICIA UNIVERSIDAD JAVERIANA - COLOMBIA
250827751,830-REPUBLICA POPULAR DE CHINA - CHINA
260480369,831-UNIVERSIDAD DEL CAUCA - COLOMBIA
260491575,832-UNIVERSIDAD DE SIENA - ITALIA
260656288,833-UNIVERSIDAD ANTONIO NEBRIJA - ESPAÑA
261243684,834-UNIVERSIDAD DE LOS ANDES - CHILE
261243685,835-UNIVERSIDAD SIMÓN BOLIVAR - COLOMBIA
260735465,836-UNIVERSIDAD LAWRENCE TECHNOLOGICAL UNIVERSITY -...
262073124,837-UNIVERSIDAD DE CADIZ - ESPAÑA
262073125,838-UNIVERSIDAD DE SANTANDER - COLOMBIA
262100243,839-UNIVERSIDAD FEDERAL DE CAMPINA GRANDE - BRASIL
262159980,840-UNIVERSIDAD SIMON BOLIVAR - COLOMBIA
261987160,841-UNIVERSIDAD PRIVADA ABIERTA LATINOAMERICANA -  ...
269736550,842-UNIVERSIDAD EMPRESARIAL SIGLO 21 - ARGENTINA
270600632,843-UNIVERSIDAD DE LENGUAS EXTRANJERAS - CHINA
270558754,844-UNIVERSIDAD NACIONAL DE AGRICULTURA - HONDURAS
270410964,845-INSTITUTO PATAGÓNICO DE LAS ARTES - ARGENTINA
270874811,846-UNIVERSIDAD DE AQUILA - ITALIA
272015139,847-UNIVERSIDAD REGIONAL DE BLUMENAU. BRASIL
211347273,1001-ESCUELA DE QUÍMICOS
213632597,600-UNIVERSIDAD AUTONOMA DE AGUASCALIENTES
213632598,601-UNIVERSIDAD AUTONOMA DE BAJA CALIFORNIA
213632599,602-UNIVERSIDAD AUTONOMA DE BAJA CALIFORNIA SUR
213632600,603-UNIVERSIDAD AUTONOMA DE CAMPECHE
213632601,604-UNIVERSIDAD AUTONOMA DE COAHUILA
213632602,605-UNIVERSIDAD AUTONOMA DE COLIMA
213632603,606-UNIVERSIDAD AUTONOMA DE CHIAPAS
213632605,608-UNIVERSIDAD NACIONAL AUTONOMA DE MEXICO
213632608,611-UNIVERSIDAD AUTONOMA DE GUERRERO
213632609,612-UNIVERSIDAD AUTONOMA DE HIDALGO
213632612,615-UNIVERSIDAD AUTONOMA DE MORELOS
213632613,616-UNIVERSIDAD AUTONOMA DE NAYARIT
213632614,617-UNIVERSIDAD AUTONOMA DE NUEVO LEON
213632616,619-UNIVERSIDAD AUTONOMA DE PUEBLA
213632617,620-UNIVERSIDAD AUTONOMA DE QUERETARO
213632618,621-UNIVERSIDAD AUTONOMA DE QUINTANA ROO
213632619,622-UNIVERSIDAD AUTONOMA DE SAN LUIS POTOSI
213632620,623-UNIVERSIDAD AUTONOMA DE SINALOA
213632621,624-UNIVERSIDAD JUÁREZ DEL ESTADO DE DURANGO
213632622,625-UNIVERSIDAD AUTONOMA DE SONORA
213632625,628-UNIVERSIDAD AUTONOMA DE TLAXCALA
213632627,630-UNIVERSIDAD AUTONOMA DE YUCATAN
213632628,631-UNIVERSIDAD AUTONOMA DE ZACATECAS
213632638,632-UNIVERSIDAD AUTONOMA DEL CARMEN
213632642,633-UNIVERSIDAD DE GUADALAJARA
213632643,634-UNIVERSIDAD AUTONOMA METROPOLITANA - CDMX
213632644,635-INSTITUTO TECNOLOGICO DE SONORA
213632645,636-UNIVERSIDAD AUTONOMA BENITO JUAREZ DE OAXACA
213632646,637-UNIVERSIDAD IBEROAMERICANA
215687367,638-ESCUELA NACIONAL DE ANTROPOLOGIA E HISTORIA
215790699,639-UNIVERSIDAD LA SALLE MEXICO
221427478,640-INSTITUTO DE INVESTIGACIONES DR. JOSE MARIA LUI...
226617712,641-INSTITUTO DE INVESTIGACIONES SOCIALES UANL
231050725,642-UNIVERSIDAD VERACRUZANA
231148721,643-UNIVERSIDAD DE GUANAJUATO
231221281,644-UNIVERSIDAD  DE QUINTANA ROO
231221283,645-UNIVERSIDAD AUTÓNOMA DE OCCIDENTE
235817486,646-UNIVERSIDAD AUTÓNOMA DE GUADALAJARA
236981441,647-UNIVERSIDAD PANAMERICANA
237911400,648-ESCUELA NACIONAL DE CONSERVACIÓN. RESTAURACIÓN ...
237911401,649-INSTITUTO DE ESTUDIOS CRITICOS
243430696,650-UNIVERSIDAD JUÁREZ AUTÓNOMA DE TABASCO
247223732,651-UNIVERSIDAD DEL CARIBE - QUINTANA ROO
247224018,652-UNIVERSIDAD ANÁHUAC - CDMX
250100754,653-UNIVERSIDAD MICHOACANA DE SAN NICOLAS DE HIDALGO
256366377,654-UNIVERSIDAD AUTONOMA AGRARIA ANTONIO NARRO - CO...
270410854,656-UNIVERSIDAD AUTÓNOMA DE CHAPINGO - ESTADO DE MÉ...
270410925,657-DISPONIBLE PARA ALGUN EA
